,,Store,State
1,,1,Hesse
2,,2,Thuringia
3,,3,North Rhine-Westphalia
4,,4,Berlin
5,,5,Saxony
6,,6,Saxony
7,,7,Schleswig-Holstein
8,,8,Schleswig-Holstein
9,,9,North Rhine-Westphalia
10,,10,Lower-Saxony
11,,11,Schleswig-Holstein
12,,12,Schleswig-Holstein
13,,13,Bavaria
14,,14,North Rhine-Westphalia
15,,15,Schleswig-Holstein
16,,16,Baden-Württemberg
17,,17,Thuringia
18,,18,Thuringia
19,,19,North Rhine-Westphalia
20,,20,Bavaria
21,,21,Baden-Württemberg
22,,22,Bavaria
23,,23,Rhineland-Palatinate
24,,24,North Rhine-Westphalia
25,,25,North Rhine-Westphalia
26,,26,Thuringia
27,,27,North Rhine-Westphalia
28,,28,Saxony-Anhalt
29,,29,North Rhine-Westphalia
30,,30,North Rhine-Westphalia
31,,31,Schleswig-Holstein
32,,32,Bavaria
33,,33,North Rhine-Westphalia
34,,34,Berlin
35,,35,North Rhine-Westphalia
36,,36,Bavaria
37,,37,Saxony-Anhalt
38,,38,North Rhine-Westphalia
39,,39,North Rhine-Westphalia
40,,40,North Rhine-Westphalia
41,,41,Bavaria
42,,42,North Rhine-Westphalia
43,,43,North Rhine-Westphalia
44,,44,Berlin
45,,45,Rhineland-Palatinate
46,,46,Bavaria
47,,47,Hamburg
48,,48,Hamburg
49,,49,Baden-Württemberg
50,,50,Rhineland-Palatinate
51,,51,Bavaria
52,,52,Bavaria
53,,53,Schleswig-Holstein
54,,54,Saxony-Anhalt
55,,55,Saxony
56,,56,Hesse
57,,57,Saxony
58,,58,Bavaria
59,,59,Thuringia
60,,60,Saxony
61,,61,Baden-Württemberg
62,,62,North Rhine-Westphalia
63,,63,Schleswig-Holstein
64,,64,North Rhine-Westphalia
65,,65,Saxony-Anhalt
66,,66,Baden-Württemberg
67,,67,Baden-Württemberg
68,,68,Schleswig-Holstein
69,,69,Hesse
70,,70,Bremen
71,,71,North Rhine-Westphalia
72,,72,Bavaria
73,,73,Schleswig-Holstein
74,,74,North Rhine-Westphalia
75,,75,Schleswig-Holstein
76,,76,Bavaria
77,,77,Hesse
78,,78,Saxony-Anhalt
79,,79,Baden-Württemberg
80,,80,Rhineland-Palatinate
81,,81,Bavaria
82,,82,North Rhine-Westphalia
83,,83,North Rhine-Westphalia
84,,84,North Rhine-Westphalia
85,,85,Berlin
86,,86,North Rhine-Westphalia
87,,87,Berlin
88,,88,Saxony-Anhalt
89,,89,Bavaria
90,,90,North Rhine-Westphalia
91,,91,Baden-Württemberg
92,,92,North Rhine-Westphalia
93,,93,North Rhine-Westphalia
94,,94,North Rhine-Westphalia
95,,95,Saxony
96,,96,Saxony
97,,97,Saxony
98,,98,North Rhine-Westphalia
99,,99,Bavaria
100,,100,Bavaria
101,,101,Schleswig-Holstein
102,,102,North Rhine-Westphalia
103,,103,Berlin
104,,104,Berlin
105,,105,Baden-Württemberg
106,,106,Berlin
107,,107,Bremen
108,,108,Bavaria
109,,109,Schleswig-Holstein
110,,110,Schleswig-Holstein
111,,111,Hesse
112,,112,Lower-Saxony
113,,113,Bavaria
114,,114,Thuringia
115,,115,Bavaria
116,,116,Berlin
117,,117,North Rhine-Westphalia
118,,118,Schleswig-Holstein
119,,119,Schleswig-Holstein
120,,120,Hesse
121,,121,Saxony
122,,122,Schleswig-Holstein
123,,123,Saxony-Anhalt
124,,124,North Rhine-Westphalia
125,,125,Berlin
126,,126,North Rhine-Westphalia
127,,127,Bavaria
128,,128,Hesse
129,,129,Bavaria
130,,130,Hesse
131,,131,North Rhine-Westphalia
132,,132,Bavaria
133,,133,Thuringia
134,,134,Berlin
135,,135,Hesse
136,,136,Bavaria
137,,137,Bavaria
138,,138,Saxony
139,,139,Bavaria
140,,140,Hesse
141,,141,Baden-Württemberg
142,,142,North Rhine-Westphalia
143,,143,Rhineland-Palatinate
144,,144,Bavaria
145,,145,Bavaria
146,,146,North Rhine-Westphalia
147,,147,North Rhine-Westphalia
148,,148,Berlin
149,,149,Bavaria
150,,150,Schleswig-Holstein
151,,151,Saxony-Anhalt
152,,152,North Rhine-Westphalia
153,,153,North Rhine-Westphalia
154,,154,Hesse
155,,155,Bavaria
156,,156,Thuringia
157,,157,North Rhine-Westphalia
158,,158,Rhineland-Palatinate
159,,159,Bavaria
160,,160,Hesse
161,,161,North Rhine-Westphalia
162,,162,Hesse
163,,163,Berlin
164,,164,Bavaria
165,,165,Bavaria
166,,166,North Rhine-Westphalia
167,,167,Saxony-Anhalt
168,,168,Baden-Württemberg
169,,169,North Rhine-Westphalia
170,,170,North Rhine-Westphalia
171,,171,North Rhine-Westphalia
172,,172,Bavaria
173,,173,Berlin
174,,174,Bavaria
175,,175,Hamburg
176,,176,North Rhine-Westphalia
177,,177,Saxony-Anhalt
178,,178,Saxony
179,,179,North Rhine-Westphalia
180,,180,Hamburg
181,,181,Bavaria
182,,182,Hesse
183,,183,Bavaria
184,,184,North Rhine-Westphalia
185,,185,Berlin
186,,186,Bavaria
187,,187,Schleswig-Holstein
188,,188,Rhineland-Palatinate
189,,189,Rhineland-Palatinate
190,,190,Bavaria
191,,191,Bavaria
192,,192,Bavaria
193,,193,Baden-Württemberg
194,,194,Baden-Württemberg
195,,195,North Rhine-Westphalia
196,,196,Thuringia
197,,197,Hamburg
198,,198,Thuringia
199,,199,Rhineland-Palatinate
200,,200,North Rhine-Westphalia
201,,201,North Rhine-Westphalia
202,,202,Hesse
203,,203,Saxony-Anhalt
204,,204,Bavaria
205,,205,Berlin
206,,206,North Rhine-Westphalia
207,,207,Schleswig-Holstein
208,,208,Berlin
209,,209,Schleswig-Holstein
210,,210,Rhineland-Palatinate
211,,211,Berlin
212,,212,Schleswig-Holstein
213,,213,North Rhine-Westphalia
214,,214,North Rhine-Westphalia
215,,215,Bavaria
216,,216,North Rhine-Westphalia
217,,217,Hamburg
218,,218,Bavaria
219,,219,North Rhine-Westphalia
220,,220,North Rhine-Westphalia
221,,221,Schleswig-Holstein
222,,222,Berlin
223,,223,Thuringia
224,,224,Baden-Württemberg
225,,225,Saxony-Anhalt
226,,226,Hesse
227,,227,North Rhine-Westphalia
228,,228,North Rhine-Westphalia
229,,229,Rhineland-Palatinate
230,,230,Schleswig-Holstein
231,,231,Bavaria
232,,232,Saxony-Anhalt
233,,233,Hesse
234,,234,North Rhine-Westphalia
235,,235,Hesse
236,,236,Berlin
237,,237,Berlin
238,,238,North Rhine-Westphalia
239,,239,North Rhine-Westphalia
240,,240,Berlin
241,,241,North Rhine-Westphalia
242,,242,Hesse
243,,243,Bavaria
244,,244,North Rhine-Westphalia
245,,245,Hesse
246,,246,Hamburg
247,,247,Hesse
248,,248,Schleswig-Holstein
249,,249,Schleswig-Holstein
250,,250,Hesse
251,,251,North Rhine-Westphalia
252,,252,North Rhine-Westphalia
253,,253,North Rhine-Westphalia
254,,254,Rhineland-Palatinate
255,,255,North Rhine-Westphalia
256,,256,North Rhine-Westphalia
257,,257,Berlin
258,,258,Bavaria
259,,259,Hesse
260,,260,Berlin
261,,261,Thuringia
262,,262,Hamburg
263,,263,Bavaria
264,,264,Berlin
265,,265,Rhineland-Palatinate
266,,266,Saxony
267,,267,Schleswig-Holstein
268,,268,Lower-Saxony
269,,269,North Rhine-Westphalia
270,,270,Berlin
271,,271,Saxony
272,,272,Hesse
273,,273,North Rhine-Westphalia
274,,274,Hesse
275,,275,Bavaria
276,,276,Saxony
277,,277,Bavaria
278,,278,Schleswig-Holstein
279,,279,Bavaria
280,,280,Baden-Württemberg
281,,281,Schleswig-Holstein
282,,282,Berlin
283,,283,Bavaria
284,,284,Bavaria
285,,285,Hesse
286,,286,Thuringia
287,,287,Bavaria
288,,288,Bavaria
289,,289,Hesse
290,,290,North Rhine-Westphalia
291,,291,Saxony
292,,292,Berlin
293,,293,Berlin
294,,294,Hesse
295,,295,Baden-Württemberg
296,,296,Hesse
297,,297,Baden-Württemberg
298,,298,Bavaria
299,,299,Schleswig-Holstein
300,,300,Hesse
301,,301,Schleswig-Holstein
302,,302,Hesse
303,,303,North Rhine-Westphalia
304,,304,Bremen
305,,305,Hesse
306,,306,Bavaria
307,,307,Thuringia
308,,308,North Rhine-Westphalia
309,,309,North Rhine-Westphalia
310,,310,Schleswig-Holstein
311,,311,Hesse
312,,312,Hesse
313,,313,Thuringia
314,,314,North Rhine-Westphalia
315,,315,Schleswig-Holstein
316,,316,North Rhine-Westphalia
317,,317,Bavaria
318,,318,Saxony
319,,319,Schleswig-Holstein
320,,320,Schleswig-Holstein
321,,321,Saxony
322,,322,Thuringia
323,,323,Rhineland-Palatinate
324,,324,Saxony-Anhalt
325,,325,North Rhine-Westphalia
326,,326,Rhineland-Palatinate
327,,327,Saxony-Anhalt
328,,328,North Rhine-Westphalia
329,,329,North Rhine-Westphalia
330,,330,North Rhine-Westphalia
331,,331,Rhineland-Palatinate
332,,332,Saxony-Anhalt
333,,333,Hamburg
334,,334,North Rhine-Westphalia
335,,335,North Rhine-Westphalia
336,,336,Hesse
337,,337,Hesse
338,,338,Hesse
339,,339,Rhineland-Palatinate
340,,340,Schleswig-Holstein
341,,341,North Rhine-Westphalia
342,,342,Bavaria
343,,343,North Rhine-Westphalia
344,,344,Hamburg
345,,345,Bavaria
346,,346,North Rhine-Westphalia
347,,347,Baden-Württemberg
348,,348,Bavaria
349,,349,Berlin
350,,350,Hesse
351,,351,North Rhine-Westphalia
352,,352,Schleswig-Holstein
353,,353,Baden-Württemberg
354,,354,North Rhine-Westphalia
355,,355,Schleswig-Holstein
356,,356,Baden-Württemberg
357,,357,Saxony
358,,358,North Rhine-Westphalia
359,,359,Rhineland-Palatinate
360,,360,Berlin
361,,361,Saxony-Anhalt
362,,362,Hesse
363,,363,Berlin
364,,364,Rhineland-Palatinate
365,,365,Bavaria
366,,366,Saxony-Anhalt
367,,367,Schleswig-Holstein
368,,368,Baden-Württemberg
369,,369,Hesse
370,,370,North Rhine-Westphalia
371,,371,Hesse
372,,372,North Rhine-Westphalia
373,,373,Baden-Württemberg
374,,374,Berlin
375,,375,Saxony-Anhalt
376,,376,Berlin
377,,377,Schleswig-Holstein
378,,378,North Rhine-Westphalia
379,,379,Bremen
380,,380,North Rhine-Westphalia
381,,381,Saxony-Anhalt
382,,382,Saxony-Anhalt
383,,383,Hesse
384,,384,Thuringia
385,,385,Bavaria
386,,386,North Rhine-Westphalia
387,,387,North Rhine-Westphalia
388,,388,North Rhine-Westphalia
389,,389,Hamburg
390,,390,Berlin
391,,391,North Rhine-Westphalia
392,,392,North Rhine-Westphalia
393,,393,North Rhine-Westphalia
394,,394,Hesse
395,,395,North Rhine-Westphalia
396,,396,Saxony-Anhalt
397,,397,North Rhine-Westphalia
398,,398,Schleswig-Holstein
399,,399,Bavaria
400,,400,Thuringia
401,,401,Saxony
402,,402,Saxony-Anhalt
403,,403,North Rhine-Westphalia
404,,404,Baden-Württemberg
405,,405,North Rhine-Westphalia
406,,406,Rhineland-Palatinate
407,,407,Bavaria
408,,408,Baden-Württemberg
409,,409,Hesse
410,,410,North Rhine-Westphalia
411,,411,Hesse
412,,412,Bavaria
413,,413,Bavaria
414,,414,Hesse
415,,415,Rhineland-Palatinate
416,,416,Hamburg
417,,417,North Rhine-Westphalia
418,,418,North Rhine-Westphalia
419,,419,Berlin
420,,420,Bavaria
421,,421,Schleswig-Holstein
422,,422,Schleswig-Holstein
423,,423,Berlin
424,,424,North Rhine-Westphalia
425,,425,North Rhine-Westphalia
426,,426,North Rhine-Westphalia
427,,427,Bavaria
428,,428,Bavaria
429,,429,Bavaria
430,,430,Bavaria
431,,431,North Rhine-Westphalia
432,,432,Hamburg
433,,433,Schleswig-Holstein
434,,434,Bavaria
435,,435,North Rhine-Westphalia
436,,436,Saxony
437,,437,Saxony
438,,438,Saxony
439,,439,Berlin
440,,440,Baden-Württemberg
441,,441,North Rhine-Westphalia
442,,442,Baden-Württemberg
443,,443,Saxony
444,,444,Saxony
445,,445,North Rhine-Westphalia
446,,446,North Rhine-Westphalia
447,,447,Schleswig-Holstein
448,,448,North Rhine-Westphalia
449,,449,Hesse
450,,450,Baden-Württemberg
451,,451,Hesse
452,,452,Schleswig-Holstein
453,,453,Schleswig-Holstein
454,,454,Saxony-Anhalt
455,,455,Baden-Württemberg
456,,456,North Rhine-Westphalia
457,,457,Bavaria
458,,458,Hesse
459,,459,Schleswig-Holstein
460,,460,Saxony-Anhalt
461,,461,Baden-Württemberg
462,,462,Saxony-Anhalt
463,,463,North Rhine-Westphalia
464,,464,Berlin
465,,465,Hesse
466,,466,North Rhine-Westphalia
467,,467,North Rhine-Westphalia
468,,468,Schleswig-Holstein
469,,469,Berlin
470,,470,North Rhine-Westphalia
471,,471,Bavaria
472,,472,Hamburg
473,,473,North Rhine-Westphalia
474,,474,Thuringia
475,,475,North Rhine-Westphalia
476,,476,Saxony
477,,477,Bavaria
478,,478,Berlin
479,,479,Saxony-Anhalt
480,,480,Berlin
481,,481,Hesse
482,,482,Saxony-Anhalt
483,,483,Saxony-Anhalt
484,,484,Schleswig-Holstein
485,,485,Bavaria
486,,486,North Rhine-Westphalia
487,,487,Schleswig-Holstein
488,,488,Schleswig-Holstein
489,,489,Saxony-Anhalt
490,,490,Bavaria
491,,491,Baden-Württemberg
492,,492,Bavaria
493,,493,North Rhine-Westphalia
494,,494,Berlin
495,,495,Baden-Württemberg
496,,496,Berlin
497,,497,Hesse
498,,498,Bavaria
499,,499,Baden-Württemberg
500,,500,Bavaria
501,,501,Bavaria
502,,502,Hesse
503,,503,Saxony-Anhalt
504,,504,Lower-Saxony
505,,505,Baden-Württemberg
506,,506,North Rhine-Westphalia
507,,507,North Rhine-Westphalia
508,,508,North Rhine-Westphalia
509,,509,Hesse
510,,510,North Rhine-Westphalia
511,,511,Lower-Saxony
512,,512,Bavaria
513,,513,Berlin
514,,514,Bavaria
515,,515,North Rhine-Westphalia
516,,516,North Rhine-Westphalia
517,,517,Hesse
518,,518,Bavaria
519,,519,Schleswig-Holstein
520,,520,Schleswig-Holstein
521,,521,Rhineland-Palatinate
522,,522,Bavaria
523,,523,Berlin
524,,524,Schleswig-Holstein
525,,525,Berlin
526,,526,Thuringia
527,,527,North Rhine-Westphalia
528,,528,North Rhine-Westphalia
529,,529,Schleswig-Holstein
530,,530,Schleswig-Holstein
531,,531,Hamburg
532,,532,North Rhine-Westphalia
533,,533,Baden-Württemberg
534,,534,Bavaria
535,,535,North Rhine-Westphalia
536,,536,North Rhine-Westphalia
537,,537,Baden-Württemberg
538,,538,Schleswig-Holstein
539,,539,Bavaria
540,,540,Bavaria
541,,541,North Rhine-Westphalia
542,,542,Bavaria
543,,543,Hesse
544,,544,Saxony
545,,545,North Rhine-Westphalia
546,,546,Berlin
547,,547,Bavaria
548,,548,Hesse
549,,549,Hamburg
550,,550,Hesse
551,,551,Schleswig-Holstein
552,,552,Hesse
553,,553,Baden-Württemberg
554,,554,Hamburg
555,,555,Bavaria
556,,556,Berlin
557,,557,North Rhine-Westphalia
558,,558,Hamburg
559,,559,Saxony-Anhalt
560,,560,Berlin
561,,561,North Rhine-Westphalia
562,,562,Bremen
563,,563,North Rhine-Westphalia
564,,564,North Rhine-Westphalia
565,,565,North Rhine-Westphalia
566,,566,Hamburg
567,,567,North Rhine-Westphalia
568,,568,Hesse
569,,569,Berlin
570,,570,North Rhine-Westphalia
571,,571,Bavaria
572,,572,North Rhine-Westphalia
573,,573,Bavaria
574,,574,Baden-Württemberg
575,,575,Bavaria
576,,576,Berlin
577,,577,Schleswig-Holstein
578,,578,Schleswig-Holstein
579,,579,North Rhine-Westphalia
580,,580,Schleswig-Holstein
581,,581,Rhineland-Palatinate
582,,582,Hesse
583,,583,Saxony-Anhalt
584,,584,Hesse
585,,585,Schleswig-Holstein
586,,586,North Rhine-Westphalia
587,,587,Bavaria
588,,588,Schleswig-Holstein
589,,589,Hesse
590,,590,Baden-Württemberg
591,,591,Baden-Württemberg
592,,592,North Rhine-Westphalia
593,,593,Schleswig-Holstein
594,,594,Berlin
595,,595,Berlin
596,,596,Berlin
597,,597,Rhineland-Palatinate
598,,598,Bavaria
599,,599,Berlin
600,,600,Schleswig-Holstein
601,,601,Hesse
602,,602,Hesse
603,,603,Baden-Württemberg
604,,604,Bavaria
605,,605,Baden-Württemberg
606,,606,Berlin
607,,607,Thuringia
608,,608,Saxony-Anhalt
609,,609,Berlin
610,,610,North Rhine-Westphalia
611,,611,Bavaria
612,,612,Bavaria
613,,613,Thuringia
614,,614,Saxony
615,,615,Hesse
616,,616,North Rhine-Westphalia
617,,617,Saxony
618,,618,Hesse
619,,619,Bavaria
620,,620,Bavaria
621,,621,North Rhine-Westphalia
622,,622,Schleswig-Holstein
623,,623,North Rhine-Westphalia
624,,624,North Rhine-Westphalia
625,,625,North Rhine-Westphalia
626,,626,Saxony
627,,627,Hesse
628,,628,Bremen
629,,629,Bavaria
630,,630,Thuringia
631,,631,Schleswig-Holstein
632,,632,Hamburg
633,,633,Bavaria
634,,634,Saxony
635,,635,Saxony-Anhalt
636,,636,Bavaria
637,,637,Bavaria
638,,638,Bavaria
639,,639,North Rhine-Westphalia
640,,640,North Rhine-Westphalia
641,,641,North Rhine-Westphalia
642,,642,North Rhine-Westphalia
643,,643,Schleswig-Holstein
644,,644,Bavaria
645,,645,Baden-Württemberg
646,,646,Bavaria
647,,647,Schleswig-Holstein
648,,648,Berlin
649,,649,Saxony-Anhalt
650,,650,Bavaria
651,,651,North Rhine-Westphalia
652,,652,Thuringia
653,,653,North Rhine-Westphalia
654,,654,Saxony
655,,655,North Rhine-Westphalia
656,,656,Hesse
657,,657,North Rhine-Westphalia
658,,658,North Rhine-Westphalia
659,,659,Hesse
660,,660,Bavaria
661,,661,Hesse
662,,662,Lower-Saxony
663,,663,Baden-Württemberg
664,,664,Saxony-Anhalt
665,,665,Hesse
666,,666,Baden-Württemberg
667,,667,Schleswig-Holstein
668,,668,Berlin
669,,669,Bavaria
670,,670,Bavaria
671,,671,Bavaria
672,,672,Saxony
673,,673,Baden-Württemberg
674,,674,North Rhine-Westphalia
675,,675,North Rhine-Westphalia
676,,676,Hesse
677,,677,Bavaria
678,,678,North Rhine-Westphalia
679,,679,Berlin
680,,680,Schleswig-Holstein
681,,681,Rhineland-Palatinate
682,,682,Berlin
683,,683,Berlin
684,,684,Bavaria
685,,685,North Rhine-Westphalia
686,,686,Saxony
687,,687,North Rhine-Westphalia
688,,688,Saxony-Anhalt
689,,689,Hesse
690,,690,North Rhine-Westphalia
691,,691,North Rhine-Westphalia
692,,692,North Rhine-Westphalia
693,,693,Hesse
694,,694,Bavaria
695,,695,North Rhine-Westphalia
696,,696,Hamburg
697,,697,North Rhine-Westphalia
698,,698,Berlin
699,,699,Hesse
700,,700,Hesse
701,,701,Bavaria
702,,702,Bavaria
703,,703,North Rhine-Westphalia
704,,704,Berlin
705,,705,North Rhine-Westphalia
706,,706,Bavaria
707,,707,North Rhine-Westphalia
708,,708,Saxony
709,,709,Berlin
710,,710,Bavaria
711,,711,Bavaria
712,,712,Bavaria
713,,713,North Rhine-Westphalia
714,,714,Baden-Württemberg
715,,715,Saxony-Anhalt
716,,716,Bavaria
717,,717,North Rhine-Westphalia
718,,718,Hesse
719,,719,Bavaria
720,,720,Schleswig-Holstein
721,,721,Schleswig-Holstein
722,,722,Bremen
723,,723,Hesse
724,,724,North Rhine-Westphalia
725,,725,Schleswig-Holstein
726,,726,Saxony
727,,727,Hesse
728,,728,Baden-Württemberg
729,,729,North Rhine-Westphalia
730,,730,Berlin
731,,731,North Rhine-Westphalia
732,,732,Schleswig-Holstein
733,,733,North Rhine-Westphalia
734,,734,North Rhine-Westphalia
735,,735,Saxony-Anhalt
736,,736,Bavaria
737,,737,North Rhine-Westphalia
738,,738,North Rhine-Westphalia
739,,739,Bavaria
740,,740,Hesse
741,,741,Lower-Saxony
742,,742,North Rhine-Westphalia
743,,743,Saxony
744,,744,Bavaria
745,,745,Saxony
746,,746,Hesse
747,,747,Saxony-Anhalt
748,,748,North Rhine-Westphalia
749,,749,Rhineland-Palatinate
750,,750,Bavaria
751,,751,North Rhine-Westphalia
752,,752,North Rhine-Westphalia
753,,753,North Rhine-Westphalia
754,,754,Thuringia
755,,755,Thuringia
756,,756,North Rhine-Westphalia
757,,757,Baden-Württemberg
758,,758,Baden-Württemberg
759,,759,North Rhine-Westphalia
760,,760,Berlin
761,,761,Berlin
762,,762,Baden-Württemberg
763,,763,Schleswig-Holstein
764,,764,Rhineland-Palatinate
765,,765,Baden-Württemberg
766,,766,Bavaria
767,,767,Schleswig-Holstein
768,,768,Schleswig-Holstein
769,,769,North Rhine-Westphalia
770,,770,North Rhine-Westphalia
771,,771,Bavaria
772,,772,Hamburg
773,,773,Hesse
774,,774,Schleswig-Holstein
775,,775,Bavaria
776,,776,North Rhine-Westphalia
777,,777,Baden-Württemberg
778,,778,Bavaria
779,,779,Saxony
780,,780,Saxony
781,,781,Saxony-Anhalt
782,,782,Rhineland-Palatinate
783,,783,Thuringia
784,,784,North Rhine-Westphalia
785,,785,North Rhine-Westphalia
786,,786,Saxony-Anhalt
787,,787,Saxony
788,,788,Berlin
789,,789,Baden-Württemberg
790,,790,Hesse
791,,791,North Rhine-Westphalia
792,,792,North Rhine-Westphalia
793,,793,North Rhine-Westphalia
794,,794,Saxony
795,,795,North Rhine-Westphalia
796,,796,North Rhine-Westphalia
797,,797,Bavaria
798,,798,Saxony
799,,799,North Rhine-Westphalia
800,,800,Rhineland-Palatinate
801,,801,Schleswig-Holstein
802,,802,Schleswig-Holstein
803,,803,Hesse
804,,804,Bavaria
805,,805,Bavaria
806,,806,Bavaria
807,,807,Hesse
808,,808,Saxony
809,,809,North Rhine-Westphalia
810,,810,Rhineland-Palatinate
811,,811,Schleswig-Holstein
812,,812,Saxony
813,,813,Baden-Württemberg
814,,814,Thuringia
815,,815,Bavaria
816,,816,North Rhine-Westphalia
817,,817,Berlin
818,,818,Hesse
819,,819,Schleswig-Holstein
820,,820,Bavaria
821,,821,Berlin
822,,822,Schleswig-Holstein
823,,823,Schleswig-Holstein
824,,824,Schleswig-Holstein
825,,825,Bavaria
826,,826,North Rhine-Westphalia
827,,827,Berlin
828,,828,Saxony-Anhalt
829,,829,Hesse
830,,830,Saxony
831,,831,North Rhine-Westphalia
832,,832,Hesse
833,,833,Rhineland-Palatinate
834,,834,Berlin
835,,835,North Rhine-Westphalia
836,,836,Saxony
837,,837,Hesse
838,,838,Thuringia
839,,839,Berlin
840,,840,Bremen
841,,841,Saxony
842,,842,Bavaria
843,,843,Berlin
844,,844,North Rhine-Westphalia
845,,845,North Rhine-Westphalia
846,,846,North Rhine-Westphalia
847,,847,North Rhine-Westphalia
848,,848,Baden-Württemberg
849,,849,Lower-Saxony
850,,850,North Rhine-Westphalia
851,,851,Bavaria
852,,852,Hesse
853,,853,Baden-Württemberg
854,,854,Saxony
855,,855,Baden-Württemberg
856,,856,Hamburg
857,,857,Hesse
858,,858,Bavaria
859,,859,Bavaria
860,,860,Hamburg
861,,861,Rhineland-Palatinate
862,,862,Schleswig-Holstein
863,,863,Schleswig-Holstein
864,,864,Baden-Württemberg
865,,865,North Rhine-Westphalia
866,,866,Hesse
867,,867,Schleswig-Holstein
868,,868,Hesse
869,,869,Saxony
870,,870,Berlin
871,,871,Hesse
872,,872,North Rhine-Westphalia
873,,873,Saxony
874,,874,Bremen
875,,875,Rhineland-Palatinate
876,,876,Saxony-Anhalt
877,,877,Schleswig-Holstein
878,,878,Saxony-Anhalt
879,,879,Bavaria
880,,880,Baden-Württemberg
881,,881,North Rhine-Westphalia
882,,882,North Rhine-Westphalia
883,,883,North Rhine-Westphalia
884,,884,Bavaria
885,,885,North Rhine-Westphalia
886,,886,North Rhine-Westphalia
887,,887,Hesse
888,,888,Schleswig-Holstein
889,,889,Saxony-Anhalt
890,,890,Bavaria
891,,891,North Rhine-Westphalia
892,,892,Saxony
893,,893,Bavaria
894,,894,North Rhine-Westphalia
895,,895,Baden-Württemberg
896,,896,Schleswig-Holstein
897,,897,Rhineland-Palatinate
898,,898,Thuringia
899,,899,Saxony
900,,900,Bavaria
901,,901,Schleswig-Holstein
902,,902,Bavaria
903,,903,Bavaria
904,,904,Bavaria
905,,905,North Rhine-Westphalia
906,,906,Hesse
907,,907,North Rhine-Westphalia
908,,908,Hesse
909,,909,Bavaria
910,,910,Saxony-Anhalt
911,,911,Schleswig-Holstein
912,,912,Schleswig-Holstein
913,,913,Rhineland-Palatinate
914,,914,Schleswig-Holstein
915,,915,Bavaria
916,,916,North Rhine-Westphalia
917,,917,North Rhine-Westphalia
918,,918,Saxony
919,,919,Bavaria
920,,920,Bavaria
921,,921,Saxony
922,,922,North Rhine-Westphalia
923,,923,Berlin
924,,924,North Rhine-Westphalia
925,,925,Baden-Württemberg
926,,926,North Rhine-Westphalia
927,,927,North Rhine-Westphalia
928,,928,North Rhine-Westphalia
929,,929,Schleswig-Holstein
930,,930,North Rhine-Westphalia
931,,931,Schleswig-Holstein
932,,932,Bavaria
933,,933,Saxony
934,,934,North Rhine-Westphalia
935,,935,Schleswig-Holstein
936,,936,North Rhine-Westphalia
937,,937,Hesse
938,,938,Bremen
939,,939,North Rhine-Westphalia
940,,940,Saxony
941,,941,Bavaria
942,,942,Hesse
943,,943,North Rhine-Westphalia
944,,944,Lower-Saxony
945,,945,Schleswig-Holstein
946,,946,Rhineland-Palatinate
947,,947,Baden-Württemberg
948,,948,Baden-Württemberg
949,,949,Berlin
950,,950,Baden-Württemberg
951,,951,North Rhine-Westphalia
952,,952,Bavaria
953,,953,Thuringia
954,,954,North Rhine-Westphalia
955,,955,North Rhine-Westphalia
956,,956,North Rhine-Westphalia
957,,957,Berlin
958,,958,Berlin
959,,959,Berlin
960,,960,Hesse
961,,961,North Rhine-Westphalia
962,,962,North Rhine-Westphalia
963,,963,Saxony
964,,964,Baden-Württemberg
965,,965,Hesse
966,,966,North Rhine-Westphalia
967,,967,North Rhine-Westphalia
968,,968,Saxony
969,,969,Baden-Württemberg
970,,970,Hesse
971,,971,Thuringia
972,,972,Saxony-Anhalt
973,,973,North Rhine-Westphalia
974,,974,Bavaria
975,,975,North Rhine-Westphalia
976,,976,North Rhine-Westphalia
977,,977,Bavaria
978,,978,Saxony
979,,979,Thuringia
980,,980,North Rhine-Westphalia
981,,981,Saxony-Anhalt
982,,982,Saxony
983,,983,North Rhine-Westphalia
984,,984,North Rhine-Westphalia
985,,985,Baden-Württemberg
986,,986,North Rhine-Westphalia
987,,987,Berlin
988,,988,Schleswig-Holstein
989,,989,Bavaria
990,,990,Saxony
991,,991,North Rhine-Westphalia
992,,992,North Rhine-Westphalia
993,,993,Saxony
994,,994,North Rhine-Westphalia
995,,995,Saxony
996,,996,Saxony
997,,997,Hesse
998,,998,Baden-Württemberg
999,,999,Saxony
1000,,1000,Bavaria
1001,,1001,Thuringia
1002,,1002,Berlin
1003,,1003,North Rhine-Westphalia
1004,,1004,Bavaria
1005,,1005,North Rhine-Westphalia
1006,,1006,Saxony-Anhalt
1007,,1007,Schleswig-Holstein
1008,,1008,Hamburg
1009,,1009,Bavaria
1010,,1010,Schleswig-Holstein
1011,,1011,North Rhine-Westphalia
1012,,1012,Bavaria
1013,,1013,North Rhine-Westphalia
1014,,1014,North Rhine-Westphalia
1015,,1015,Rhineland-Palatinate
1016,,1016,North Rhine-Westphalia
1017,,1017,Saxony
1018,,1018,Berlin
1019,,1019,Bavaria
1020,,1020,Hesse
1021,,1021,Berlin
1022,,1022,North Rhine-Westphalia
1023,,1023,Saxony
1024,,1024,Schleswig-Holstein
1025,,1025,Rhineland-Palatinate
1026,,1026,North Rhine-Westphalia
1027,,1027,Bavaria
1028,,1028,North Rhine-Westphalia
1029,,1029,Saxony-Anhalt
1030,,1030,Saxony-Anhalt
1031,,1031,North Rhine-Westphalia
1032,,1032,Saxony-Anhalt
1033,,1033,Berlin
1034,,1034,Saxony
1035,,1035,Saxony
1036,,1036,North Rhine-Westphalia
1037,,1037,North Rhine-Westphalia
1038,,1038,Bavaria
1039,,1039,North Rhine-Westphalia
1040,,1040,North Rhine-Westphalia
1041,,1041,Bavaria
1042,,1042,North Rhine-Westphalia
1043,,1043,Saxony-Anhalt
1044,,1044,Baden-Württemberg
1045,,1045,Schleswig-Holstein
1046,,1046,Saxony-Anhalt
1047,,1047,North Rhine-Westphalia
1048,,1048,Schleswig-Holstein
1049,,1049,Bavaria
1050,,1050,Hesse
1051,,1051,Baden-Württemberg
1052,,1052,North Rhine-Westphalia
1053,,1053,Bremen
1054,,1054,Schleswig-Holstein
1055,,1055,Berlin
1056,,1056,Bavaria
1057,,1057,Schleswig-Holstein
1058,,1058,North Rhine-Westphalia
1059,,1059,Hamburg
1060,,1060,North Rhine-Westphalia
1061,,1061,Baden-Württemberg
1062,,1062,Rhineland-Palatinate
1063,,1063,Hamburg
1064,,1064,North Rhine-Westphalia
1065,,1065,Bavaria
1066,,1066,North Rhine-Westphalia
1067,,1067,Bavaria
1068,,1068,Baden-Württemberg
1069,,1069,Thuringia
1070,,1070,Lower-Saxony
1071,,1071,Schleswig-Holstein
1072,,1072,North Rhine-Westphalia
1073,,1073,North Rhine-Westphalia
1074,,1074,Saxony
1075,,1075,Berlin
1076,,1076,North Rhine-Westphalia
1077,,1077,North Rhine-Westphalia
1078,,1078,Baden-Württemberg
1079,,1079,Hesse
1080,,1080,Bavaria
1081,,1081,Berlin
1082,,1082,Saxony
1083,,1083,Hesse
1084,,1084,Hesse
1085,,1085,Berlin
1086,,1086,Hesse
1087,,1087,Bremen
1088,,1088,North Rhine-Westphalia
1089,,1089,North Rhine-Westphalia
1090,,1090,Saxony
1091,,1091,Schleswig-Holstein
1092,,1092,Bavaria
1093,,1093,Saxony
1094,,1094,Bavaria
1095,,1095,Thuringia
1096,,1096,North Rhine-Westphalia
1097,,1097,Rhineland-Palatinate
1098,,1098,Saxony
1099,,1099,Schleswig-Holstein
1100,,1100,North Rhine-Westphalia
1101,,1101,Schleswig-Holstein
1102,,1102,Bavaria
1103,,1103,Hesse
1104,,1104,Bavaria
1105,,1105,North Rhine-Westphalia
1106,,1106,Schleswig-Holstein
1107,,1107,Bavaria
1108,,1108,Saxony
1109,,1109,Bavaria
1110,,1110,Berlin
1111,,1111,North Rhine-Westphalia
1112,,1112,North Rhine-Westphalia
1113,,1113,Schleswig-Holstein
1114,,1114,Hamburg
1115,,1115,Hesse